id,created_at,text
799397710759686144,2016-11-17 23:44:00,"Partial light rail closures on Sat 11/19 &amp; Sun 11/20 for Lines C, D, E &amp; H.  See details at https://t.co/RdpkniaXQz"
799329261102436352,2016-11-17 19:12:01,"Brrr! Winter has arrived, finally! Be careful with winter wear. Don't let your scarf unwrap more than you asked for https://t.co/yA1k9INUD5"
799254524896514049,2016-11-17 14:15:02,Share your thoughts about RTD services and policies as part of the 2017 Customer Feedback panel. Apply here:… https://t.co/AH6ykbN82X
799032807297351680,2016-11-16 23:34:01,The Broncos/Chiefs game on Nov 27 has moved to a 6:30pm start. Check the pickup times for BroncosRide at https://t.co/mWUiC5u79E
798670510603309056,2016-11-15 23:34:22,"Med emergency on train at Southmoor causing 15-30 min delays for all E, F &amp; H lines for approx next 60-90 min. Allow additional travel time."
798164334408921088,2016-11-14 14:03:01,Transit Center escalator maintenance at @DENAirport - 6p Tue 11/15 to 4a Wed 11/16. Elevators encouraged. Staff will be on-site to help.
797455917004582912,2016-11-12 15:08:01,Lines E &amp; H will have partial closures Sat 11/12 &amp; Sun 11/13. See details at  https://t.co/RdpkniaXQz
797213318138228737,2016-11-11 23:04:01,Transit Center escalator maintenance at @DENAirport - 9p Fri 11/11 to 4a Sun 11/13. Elevators encouraged. Staff will be on-site to help.
796742492125335552,2016-11-10 15:53:07,"CU A Line is experiencing delays of 20-30 min due to crossing issues, please allow extra travel time. @DENAirport https://t.co/VYyQlfNGkn"
796714280250994688,2016-11-10 14:01:01,Lines E &amp; H will have partial closures 11/12 &amp; 11/13. See details at  https://t.co/RdpkniaXQz
796425602412773379,2016-11-09 18:53:55,"CU A Line is experiencing delays of 15-40 min due to crossing issues, please allow extra travel time. @DENAirport https://t.co/m695EsgRy0"
796033294722879489,2016-11-08 16:55:01,Holy cow! We just reached 25K safety pledges! The Dumb Ways to Die gang thank you for pledging to be safe around bu… https://t.co/vtFW73Rzqi
794939584887029760,2016-11-05 16:29:00,An emergency preparedness exercise is underway at the Fitzsimons light rail station on the R Line this morning until noon.
794902339857612800,2016-11-05 14:01:01,RTD and first responders are conducting a safety exercise at the Fitzsimons light rail station on the R Line this morning until noon.
794873405640208384,2016-11-05 12:06:02,Lines E &amp; H will have partial closures this weekend 11/5 &amp; 11/6. See details at https://t.co/RdpkniaXQz https://t.co/x8VNUDjRYs
794673112407306240,2016-11-04 22:50:08,Repeat after me: I solemnly swear not to do stupid things around buses &amp; trains. Then hit the red button at… https://t.co/7QPGfTpemb
794664523437314052,2016-11-04 22:16:01,"RTD and first responders will conduct a safety exercise at the Fitzsimons light rail station on the R Line Sat., Nov. 5 from 8am-12pm."
794616498379780097,2016-11-04 19:05:11,Maintenance on the A Line will cause minor overnight delays throughout the next 8 weeks. Learn more at… https://t.co/WEfRLVK9HZ
794163478655156224,2016-11-03 13:05:02,Lines E &amp; H will have partial closures 11/5 &amp; 11/6. See details at https://t.co/RdpknhTmrZ https://t.co/tgTjn5gYYE
793866808696582145,2016-11-02 17:26:11,FRA has granted RTD &amp; DTP a 90-day extension allowing for the continued operation of the CU A line and B line. https://t.co/Ts3NzZyKm5
793605016321863680,2016-11-02 00:05:55,"CU A line update: Inspections have been postponed, all trains will run as scheduled tonight. https://t.co/VYyQlg5hbV @DENAirport"
793592213603127296,2016-11-01 23:15:02,Got an idea for RTD? Share it as part of our 2017 Customer Panel. Your feeback is welcome! Perks for joining at… https://t.co/BbwRq8pRDb
793574422988763136,2016-11-01 22:04:20,"Due to scheduled inspections, CU A line will cancel last 4 trips tonight. Bus shuttles to all stations. https://t.co/VYyQlg5hbV @DENAirport"
791263370057920512,2016-10-26 13:01:03,Receive a free monthly pass for your feedback! Sign up for our 2017 Customer Panel at https://t.co/pm9K2lTCX2 https://t.co/qzziqmyrqb
791041187549372416,2016-10-25 22:18:10,"Due to medical emergency on train near Louisiana-Pearl, expect 15-30 min delays on all E, F, H lines next 60-90 min https://t.co/N5rNQawjeF"
790974966569152512,2016-10-25 17:55:02,"Trick-or-Treat with Numpty at the Union Station Halloween Party on Thurs 10/27 from 4-7p. Be safe around buses, tra… https://t.co/DBj6Y6OXs5"
789843820225568768,2016-10-22 15:00:15,The 16th Street Free MallRide service will reroute to 15th &amp; 17th streets on Sat 10/22 for the annual Zombie Crawl.
789572728470679553,2016-10-21 21:03:02,#FasPhotoFriday: Light rail train sits at the Colfax Station in Aurora during a test run. See more on testing here:… https://t.co/cZH0RZbepm
789540517012832256,2016-10-21 18:55:02,Be the eyes &amp; ears of RTD. Join our Customer Panel &amp; you could earn a free EcoPass for 2018! https://t.co/pm9K2lTCX2 https://t.co/UhWEl1sEx0
789236010026532864,2016-10-20 22:45:02,Where's my bus?! Get real-time departure/arrival times &amp; real-time bus locations in the palm of your hand.… https://t.co/i98AkITDDo
788998947788337152,2016-10-20 07:03:02,#ThrowbackThursday: Denver Tramway trolleys carry passengers at 32nd and Zuni. The photo was taken in about 1900.… https://t.co/4u9sbW3J2i
788852780068843520,2016-10-19 21:22:13,Normal service is resuming to and from Lincoln Station with first NB departure at 3:18p. Bus shuttles are cancelled https://t.co/LoD0wImm4z
788824072478044160,2016-10-19 19:28:09,Due to police activity north of Lincoln all E &amp; F lines are turning around at County Line. Bus shuttle between County Line &amp; Lincoln Station
788804918119325696,2016-10-19 18:12:02,"Meet Numpty at the Boo at the Zoo on Sat 10/22 from 9a-5p. Be safe around buses &amp; trains, and Halloween! https://t.co/B3wOybsR5c"
787062934413320192,2016-10-14 22:50:01,Make Safety Your BFF! https://t.co/tYzZ3PaCaK ... be safe around buses &amp; trains!
786263726450053120,2016-10-12 17:54:15,"CU A Line have returned to scheduled departure times, delays occurring near Holly Crossing for repairs. @DENAirport https://t.co/m695ErZg9q"
786179247857471488,2016-10-12 12:18:33,CU A Line are running every 30 minutes with 4 cars each trip. https://t.co/m695ErZg9q Please allow extra trael time. @DENAirport
785955652644409344,2016-10-11 21:30:04,"NB D lines terminating 18th/California, bus &amp; train shuttles in place between 18th/Stout &amp; 30th/Downing. More info: https://t.co/uZ8itRycNp"
785901539072147457,2016-10-11 17:55:02,Drop something important? Remember trains are quiet &amp; can't stop quickly. Stay off the tracks! Pledge to be safe at… https://t.co/xPwir20Dgb
785797331144761344,2016-10-11 11:00:57,CU A Line and B Line currently running as scheduled. Bus shuttle has been cancelled. @DENAirport
785784387568738304,2016-10-11 10:09:31,There's no service on B Line &amp; CU A Line until 12:00. Bus shuttle is in place. Other means of transportation is recommended. @DENAirport
784500303273926656,2016-10-07 21:07:02,FasPhoto Friday: Crews installed a 160 foot-long drainage pipe near the Northglenn-112th Station on the N Line.… https://t.co/75MMSzAfAG
783799930787799044,2016-10-05 22:44:00,We will be conducting an emergency response drill on Thurs 10/6 at 41st &amp; Fox Station. B Line not interrupted. https://t.co/8xvAeXaaL3
783655486994264064,2016-10-05 13:10:02,Attend a meeting tomorrow in Denver at the RTD main offices about proposed Winter service changes.… https://t.co/1BwxPGoHHp
783353751251759104,2016-10-04 17:11:02,Attend a meeting tomorrow in Highlands Ranch about proposed Winter service changes. https://t.co/Lp4tie7XZq https://t.co/OLTpb2QflR
783079567472795648,2016-10-03 23:01:32,"B line is now operating between Union Station and Westminster. Bus shuttles are being cancelled. First NB scheduled at 5:21p, SB at 5:13p."
783052316437913600,2016-10-03 21:13:15,A line experiencing 15-20 min delays for the next 1 to 2 hours due to non-RTD accident near York crossing https://t.co/m695ErZg9q
783003512141516800,2016-10-03 17:59:19,"B line trains are currently stopped, bus shuttles will be in place from Union Station to Westminster Station. https://t.co/G8jaii3IYR"
783002434633240576,2016-10-03 17:55:02,"Be a dear and keep the doors clear. Keeping doorways clear on trains keeps you safe, your stuff safe &amp; is courteous… https://t.co/Myf7TQ4L0X"
782928445298704385,2016-10-03 13:01:02,Attend a meeting tonight in Aurora about proposed Winter service changes. https://t.co/Lp4tie7XZq https://t.co/6yU65SdoZ6
781869483254087681,2016-09-30 14:53:05,"CU A Line update: Quebec crossing gates repaired, trains have resumed normal schedules. We apologize for the inconvenience. @DENAirport"
781852308489383937,2016-09-30 13:44:51,Due to crossing issues at Quebec St. CU A line is experiencing a 10-15 minute delay east &amp; westbound. @DENAirport https://t.co/m695ErZg9q
781480154052726785,2016-09-29 13:06:02,Attend a meeting tonight in Ken Caryl Ranch or Brighton about proposed Winter service changes.… https://t.co/3z6jbqH4eL
781102661613477889,2016-09-28 12:06:01,The lot at 61st &amp; Pena will be closed starting 9/28 for repaving. Please use on-street parking in the area. More info at 303-352-1926.
780906115886292992,2016-09-27 23:05:01,The lot at 61st &amp; Pena will be closed starting 9/28 for repaving. Please use on-street parking in the area. Call 303-352-1926 for more info.
780391731736948736,2016-09-26 13:01:02,Attend a meeting tonight in Lakewood or Stapleton about proposed Winter service changes. https://t.co/Lp4tie7XZq https://t.co/qwWx7Lj9i8
780013992903180288,2016-09-25 12:00:02,B Line service unavailable today due to construction on Federal Blvd. Bus shuttles are running. https://t.co/r5sQfli5Zk
779651611517779968,2016-09-24 12:00:04,Reminder: B Line service unavailable today &amp; tomorrow because of Federal Blvd construction. Bus shuttles are running https://t.co/r5sQfli5Zk
779447760814604288,2016-09-23 22:30:02,"19,506 people have pledged to be safe around buses &amp; trains! Can you help get us to 20K pledges this weekend?… https://t.co/SRKG6SOHFA"
779433918399258624,2016-09-23 21:35:01,#FasPhotoFriday: Light rail and commuter trains come together at the Peoria Station. https://t.co/FU4UjJS4oM https://t.co/0ik0HQ2oMy
779379559078559744,2016-09-23 17:59:01,Race for the Cure runners: Take RTD to get downtown this Sunday. See schedules &amp; locations at… https://t.co/w2ZydMn9Zi
779349669063163904,2016-09-23 16:00:15,Reminder: B Line service unavailable 9/24-9/25 because of Federal Blvd construction. Bus shuttles will be running. https://t.co/r5sQfli5Zk
779021210264805376,2016-09-22 18:15:04,"Cool, new art is going in at R Line train stations. We meet up with the artist live on Facebook in a few minutes.… https://t.co/ZX2ylvtAbx"
778979723346980864,2016-09-22 15:30:13,CU A Line experiencing 10-15 min delays both directions. Allow extra travel time for the next 2 hours. https://t.co/m695ErZg9q @DENAirport
778975903183360000,2016-09-22 15:15:02,"Art is appearing at stations along the R Line. We'll be live on Facebook Thursday, 12:30 p.m. to show it to you.… https://t.co/0OzEoPgjKE"
778684654085771265,2016-09-21 19:57:43,"Light rail lines D, F, H are resuming downtown service. Please expect delays for about an hour https://t.co/uZ8itRycNp"
778655760410562560,2016-09-21 18:02:54,"NB lines D, F &amp; H are turning around at Conv Center due to police activity. Train shuttle 18th/stout to 30th/downing https://t.co/LoD0wImm4z"
778654786837098496,2016-09-21 17:59:02,We want your feedback about proposed Winter service changes. Attend one of 8 meetings and share your thoughts.… https://t.co/zE2gnwVPQv
778247364863590400,2016-09-20 15:00:05,B Line service will unavailable 9/24-9/25 due to Federal Blvd construction. Bus shuttles will be running. More info: https://t.co/r5sQfli5Zk
776843350880112640,2016-09-16 18:01:02,Be patient at level crossings! Don't circumnavigate the crossing gate. #safetypledge at https://t.co/9EefWJTTzg https://t.co/YPzyTaIZhi
776398085312221184,2016-09-15 12:31:42,Update on E &amp; F Lines. Trains are moving but expect minor delays for the next hour. https://t.co/LoD0wImm4z
776392071263293441,2016-09-15 12:07:49,E &amp; F Lines NB into downtown experiencing 30 minute delays due to train with mechanical issues at Belleview. https://t.co/EYH5HyP8Br
776199822374215680,2016-09-14 23:23:53,"All northbound E, F &amp; H lines experiencing 10-15 min delays due to police activity near Southmoor Station https://t.co/9SWchLCW5C"
776035445238931457,2016-09-14 12:30:42,"E,F,H trains are now using both tracks between Yale/Colorado. Expect delays for the next hour as we get trains back on schedule."
775811162944315392,2016-09-13 21:39:29,"CU A Line update: Power restored &amp; all trains moving, please allow extra travel time in the next hour as we get on schedule. @DENAirport"
775809751061979136,2016-09-13 21:33:53,"Due to a power failure on the CU A line, a train is stuck blocking the tracks to DIA from 61st/Pena. Delays both directions. @DENAirport"
775754670841077760,2016-09-13 17:55:01,RTD is hosting a Youth Transit Community Forum Sat 9/17. Trip &amp; route planning &amp; a special field trip. Sign up at https://t.co/57FaGQ6lR1
775012286897328128,2016-09-11 16:45:02,Meet Numpty at the Arvada Harvest Festival today from 12-3p &amp; take the #safetypledge at https://t.co/9EefWJTTzg https://t.co/qutPW1N4fj
774895270584721408,2016-09-11 09:00:04,"Today from 3am-3pm, light rail service on the D Line from Mineral to Englewood will be unavailable. More info at https://t.co/o1jujG1olD"
774668771508105217,2016-09-10 18:00:02,"On Sunday from 3am-3pm, light rail service on the D Line from Mineral to Englewood will be unavailable. More info at https://t.co/o1jujG1olD"
774593518555705346,2016-09-10 13:01:00,Parking will not be available for RTD patrons today at Decatur/Federal Stn. We apologize for the inconvenience https://t.co/idNl2CnlIU
774352974948597760,2016-09-09 21:05:10,UPDATE: Union station switch problems are resolved. A &amp; B line trains are returning to normal schedules. @DENAirport
774337519634612224,2016-09-09 20:03:45,"Due to switch issues at Union Station, A &amp; B line trains can be delayed up to 10-20 minutes. Please allow extra travel time."
774309150478118913,2016-09-09 18:11:02,"Numpty will be at the Arvada Harvest Festival Sat 9/10, 11a-4p. Let's get to 20K pledges! https://t.co/9EefWJTTzg https://t.co/OR09liGZIB"
773982666001485824,2016-09-08 20:33:42,"Due to police activity, W lines trains are experiencing delays of up to 45 minutes on east &amp; westbound trips. https://t.co/OM1vK9wWhL"
773883639310323712,2016-09-08 14:00:12,"On 9/11, from 3am-3pm, light rail service on the D Line from Mineral to Englewood will be unavailable. More info at https://t.co/o1jujG1olD"
773653323853340673,2016-09-07 22:45:00,Parking will not be available for RTD patrons on Sat 9/10 at Decatur/Federal Stn. We apologize for the inconvenience https://t.co/idNl2CnlIU
773194299525562370,2016-09-06 16:21:00,"On this #artdropday, at the Time Present, you can find the prize at the station preparing for take off. #denver #rtd #artdropdenver #art"
773191783131979777,2016-09-06 16:11:00,"It's #artdropday. At this station, Tumbleweeds Really Do Exist, but you'll need to *run* to find the prize. #denver #rtd #artdropdenver #art"
773189267187040256,2016-09-06 16:01:01,Today is #artdropday. Find the art &amp; 2 Free Ride Coupons with the other RiNos under Conflux | Redox.  #denver #rtd #artdropdenver #art
772777553262104576,2016-09-05 12:45:00,Today we will be running Holiday schedules for Labor Day. Please check your route &amp; schedule at https://t.co/TvhQiPjlvW
772770012083937280,2016-09-05 12:15:02,The dirt parking lot at I-25 &amp; Broadway Station permanently closed on Sunday. Learn more https://t.co/rnyB8ukIJM https://t.co/d8sNUOMnnl
772497457754152961,2016-09-04 18:12:00,Tomorrow we will be running Holiday schedules for Labor Day. Please check your route &amp; schedule at https://t.co/TvhQiPjlvW
772451403553841157,2016-09-04 15:09:00,20+ bus routes will be detoured during the Taste of Colorado event today thru 6am 9/6. Check your route at https://t.co/9SWchLlkH2
772419191328518145,2016-09-04 13:01:00,Parking not available for RTD patrons at Decatur-Federal Stn Sun 9/4. We apologize for any inconvenience. https://t.co/idNl2CnlIU
772110160332369920,2016-09-03 16:33:01,Bid adieu with your BBQ ... That's a dumb way to die! Be safe around BBQs this Labor Day! https://t.co/9EefWJTTzg https://t.co/NbvpirrLug
772078446256140289,2016-09-03 14:27:00,20+ bus routes will be detoured during the Taste of Colorado today through 6am 9/6. Check your route at https://t.co/9SWchLlkH2
771844913998671874,2016-09-02 22:59:02,The dirt parking lot at I-25 &amp; Broadway Station is permanently closing on Sunday. Learn more https://t.co/rnyB8uCjBk https://t.co/569zqRR20L
771787529599094784,2016-09-02 19:11:00,"Please plan ahead &amp; allow extra travel time during PM commute. Taste of CO, CU vs CSU, Rockies, and Riot Fest causing large downtown crowds"
771772682383663104,2016-09-02 18:12:00,"On Monday 9/5, we will be running Holiday schedules for Labor Day. Please check your route &amp; schedule at https://t.co/TvhQiPjlvW"
771695926159159300,2016-09-02 13:07:00,20+ bus routes will be detoured during the Taste of Colorado starting tonight at 6p thru 6am 9/6. Check your route https://t.co/9SWchLlkH2
771496256212307968,2016-09-01 23:53:35,Repair work to mult crossings complete. A line will experience 5-15 min delays over next 60 min while regular service resumes @DENAirport
771483804355616768,2016-09-01 23:04:07,A line delays have increased to 30-60 min due to repair work at crossings &amp; accident at Ulster. Updates https://t.co/m695ErZg9q @DENAirport
771480280326561793,2016-09-01 22:50:06,"Due to repairs being made at multiple crossings and an accident near Ulster, A line trains are running 15-30 minutes behind schedule."
771418602121551872,2016-09-01 18:45:01,20+ bus routes will be detoured during the Taste of Colorado starting at 6pm 9/2 thru 6am 9/6. Check your route at https://t.co/9SWchLlkH2
771117868540956673,2016-08-31 22:50:01,Parking not available for RTD patrons at Decatur-Federal Stn Fri 9/2 &amp; Sun 9/4. We apologize for any inconvenience. https://t.co/idNl2CEX7u
771094774212243457,2016-08-31 21:18:15,A line experiencing 15-20 minute delays both directions for approximately the next 2 hours. Updates at https://t.co/m695ErZg9q @DENAirport
770980104457510912,2016-08-31 13:42:35,UPDATE: C/D Lines. Trains are moving btwn Mineral/Denver both directions. Expect delays as we go back to schedule. Bus shuttle is cancelled
770978873957752832,2016-08-31 13:37:42,C/D Lines stopped btwn Mineral/Englewood. Bus shuttle is being used Trains running btwn Englewood &amp; Downtown/Downing https://t.co/uZ8itRycNp
770975402307178496,2016-08-31 13:23:54,C/D Lines are stopped both directions at the request of Littleton FD due to train's brake failure. https://t.co/uZ8itRycNp
770693825035538432,2016-08-30 18:45:01,The CU vs CSU game is Friday Sept 2. Let RTD get you to the game with no parking or traffic hassles. Learn more https://t.co/OScFBJVAQc
770395356467109888,2016-08-29 22:59:00,G Line is opening this fall w/service to Arvada/Wheat Ridge. Learn what this means for Arvada-to-Airport travelers https://t.co/eztgQtMWnr
770248395529125888,2016-08-29 13:15:02,The dirt parking lot at I-25 &amp; Broadway Station is permanently closing on Sept 4. Learn more https://t.co/rnyB8uCjBk https://t.co/LgiqZa8DJP
770240844649549825,2016-08-29 12:45:02,Join us today from 11am - 1pm at Skyline Park in LoDo for the MallRide Makeover big reveal! https://t.co/TTO3VxeTlP https://t.co/9Ny0ICOoEW
769301655531638784,2016-08-26 22:33:02,Are you a Petextrian? Don't be a distracted walker. Stay alert when around buses &amp; trains. https://t.co/9EefWJTTzg https://t.co/OyghaYpqnw
769179778259693568,2016-08-26 14:28:44,"CU A line has returned to normal service at this time, east &amp; westbound trips. Thank you for your patience. @DENAirport"
769155190771507200,2016-08-26 12:51:02,"CU A line update: Signal issues resolved, please expect minor delays over the next hour as trains resume schedule. @DENAirport"
769152041847402496,2016-08-26 12:38:31,CU A Line update: delays on westbound trips 20-25 minutes. Eastbound to DIA 10-15 minutes. @DENAirport https://t.co/m695ErZg9q
769145887838703616,2016-08-26 12:14:04,"CU A line is currently experiencing 10-15 minute delays, please allow extra travel time. @DENAirport https://t.co/m695ErZg9q"
768893891395235840,2016-08-25 19:32:43,RT @quickleft: .@DENStartupWeek schedule is live! We're partnering w/ @RideRTD for a transportation data #hackfest. Check it: https://t.co/…
768859524962750464,2016-08-25 17:16:10,Regular D line service has resumed. Minor delays next 30 minutes.
768851538743746560,2016-08-25 16:44:26,All D lines ending at 18th/California and heading back SB along Stout. Train shuttle 20th/Welton to 30th/Downing https://t.co/uZ8itRycNp
768579649651679232,2016-08-24 22:44:02,The Free MallRide has a fresh new look! Come see on Mon Aug 29th from 11-1 at Skyline Park! https://t.co/OD9R2gRsSh https://t.co/wGVa9CRW9N
767737315837960192,2016-08-22 14:56:54,W Line experiencing 10-20 minute delays both directions for about an hour.  https://t.co/OM1vK9wWhL
766790557490221062,2016-08-20 00:14:49,"Due to an accident 15th/Cali please expect delays on D, F, H lines for next hour. Weather related 10-15 min delays on A line next hour."
766764939725922304,2016-08-19 22:33:02,"When in a rush, don't chase the bus. During back-to-school season -take time to watch out for kids, buses &amp; trains! https://t.co/6ZrCzTHu8I"
766713405587664896,2016-08-19 19:08:15,"Due to a mechanical issue with a NB D line train, please expect minor delays on C &amp; D lines for next 45 minutes https://t.co/uZ8itRycNp"
766666003149271040,2016-08-19 15:59:53,CU A Line Update: Power is back on. Trains are running again. May experience minor delays.
766664950311849984,2016-08-19 15:55:42,2of2 No ETA on delay right now. Will update soon as we get more information. @DENAirport
766664712280911872,2016-08-19 15:54:46,1of2 CU A Line trains not running due to power failure. Bus shuttle in place btwn Peoria Stn &amp; DIA. Pls allow extra travel time @DENAirport
766646913173032960,2016-08-19 14:44:02,FasPhoto Friday: Crews tie rebar for a bridge pier on the Southeast Rail Extension. https://t.co/CQS6cNzJkI https://t.co/KKXuiGoFnX
765970807084294144,2016-08-17 17:57:26,Crossing issues have been corrected. A line delays for approx the next hour while we resume scheduled service https://t.co/m695ErZg9q
765918943911436288,2016-08-17 14:31:20,CU A Line Update:  Some trains are now running on time. Some are still running on 5-15 minute delays. @DENAirport
765882945022357504,2016-08-17 12:08:18,CU A Line experiencing 15-30 minute delays both directions due to false activations at crossings. Crew is working on sites. @DENAirport
765665173621268480,2016-08-16 21:42:57,"Due to an accident near 28th &amp; Welton, please expect delays on all D line trains for the next 30-45 minutes https://t.co/uZ8itRycNp"
765249704485498880,2016-08-15 18:12:01,The Free MallRide is getting a makeover! New rides roll out on 16th Street Mall in late Aug! https://t.co/OD9R2gRsSh https://t.co/gOSRnjkMmf
765156338867507200,2016-08-15 12:01:01,August Service Changes took effect yesterday. Review your route impacts here: https://t.co/40doAHSFxB https://t.co/9lQw13pAFc
764884309337452544,2016-08-14 18:00:04,No parking available today for RTD patrons at Decatur-Federal Station due to an event at the stadium. We apologize for the inconvenience.
764839245739536388,2016-08-14 15:01:00,August Service Changes take place today. Know before you go &amp; review schedules here: https://t.co/40doAIagp9
764193746330058752,2016-08-12 20:16:01,FasPhoto Friday: Huge mural brings spectacular look to G Line's Clear Creek-Federal Station: https://t.co/pAYQYuFEmV https://t.co/eKnHFtgPEy
764091070468599809,2016-08-12 13:28:01,Don't forget - the August Service Changes take effect on Sun 8/14. See route impacts at https://t.co/1Z6kcMQVb6 https://t.co/hUBCoGfWGD
763881541298565120,2016-08-11 23:35:26,"A line trains are now operating to and from @DENAirport
Please expect trip time delays of 10-15 min. Updates: https://t.co/m695ErZg9q"
763855351624196097,2016-08-11 21:51:22,"B line update: Trains are now moving both directions between Union Station &amp; Westminster, no delays expected."
763798135319650304,2016-08-11 18:04:00,Just in case you forgot this catchy little ditty... here's a quick reminder to be safe around buses &amp; trains. https://t.co/f6QuBLbIL1
763780330016813056,2016-08-11 16:53:15,CU A line trains are not running between 61st &amp; Pena to DIA due to damaged power wire. More info here: https://t.co/m695ErZg9q @DENAirport
763576458316951552,2016-08-11 03:23:08,A line trains are now operating to/from @DENAirport and bus shuttles between 61st &amp; Pena and DIA are being cancelled.
763515037180846080,2016-08-10 23:19:04,"Additional repairs required on A line, trains still terminating at 61st/Pena. Bus shuttles in place to @DENAirport  https://t.co/m695ErZg9q"
763507175138422788,2016-08-10 22:47:50,"A line service restored. Please expect delays while we resume service, bus shuttles are still assisting riders. Info https://t.co/m695EsgRy0"
763481762668351488,2016-08-10 21:06:51,"A line is operating between Union Station and 61st &amp; Pena, bus shuttles in place @DENAirport to 61st &amp; Pena. Info: https://t.co/m695EsgRy0"
762786725194190849,2016-08-08 23:05:01,August Service Changes start Sunday 8/14. Review your schedules &amp; route changes at https://t.co/40doAIagp9 https://t.co/1iLhF3Zicg
761697046634041344,2016-08-05 22:55:02,Numpty wants you to Make Safety Your Best Friend - see the video at https://t.co/tYzZ3Psdzk https://t.co/CNQJdcrWth
761624065371025408,2016-08-05 18:05:02,We want your thoughts regarding proposed Fall service changes. Join us on Monday. https://t.co/JMmIXGf4kT https://t.co/bNKUMVYtPV
760994614782205953,2016-08-04 00:23:49,Bus shuttles transporting riders between Westminster &amp; Union Station until approx 7:30p due to B line signal issues https://t.co/G8jaii3IYR
760298797922521088,2016-08-02 02:18:53,Civic Center Sales Outlet/Lost &amp; Found closed Tuesday 11AM-3PM for construction relocation to Lincoln &amp; 16th. Info: https://t.co/zHg5frpQ6B
760098009463914498,2016-08-01 13:01:02,Join us for a public meeting on 8/8 to discuss proposed Fall service changes. https://t.co/JMmIXGf4kT https://t.co/b93Qoolyyq
759516428181516288,2016-07-30 22:30:02,We dedicate the windscreens at Westminster Station at 5:30p. Come mingle with the artist Dan Gottsegen. https://t.co/rVfwC7JT8j
759451247447453696,2016-07-30 18:11:01,"Come celebrate the B Line @DenversStation starting at 2p. Free rides, fun &amp; fireworks! https://t.co/afN4jjT5k1 https://t.co/Rt3mrUiG9n"
759172692939382784,2016-07-29 23:44:09,"15 minute delays on all C, D, E, F &amp; H lines for approx next hour due to mech issues near 10th &amp; Osage https://t.co/9SWchLlkH2"
759123838655279104,2016-07-29 20:30:01,We're holding 2 public meetings on 8/8 to discuss proposed Fall service changes. We want your input. Learn more at https://t.co/JMmIXGf4kT
759087352186703872,2016-07-29 18:05:02,Free rides on Sat 7/30 to celebrate the B Line. Parties at Union &amp; Westminster Station. https://t.co/afN4jjT5k1 https://t.co/QkBluUHTfC
758795175569203200,2016-07-28 22:44:02,"Numpty &amp; Lax are ready to meet you on Sat July 30, 2p-6p, at Union Station. #safetypledge https://t.co/afN4jjT5k1 https://t.co/MS1Wzaf8uD"
758663366701256707,2016-07-28 14:00:16,RTD is holding 2 public meetings today @ noon &amp; 5:30 p.m. for feedback on renovating 16th St Mall transit lanes. https://t.co/teAGUMAoty
758362569627148288,2016-07-27 18:05:00,August Service Changes are right around the corner. See how your route may be impacted at https://t.co/40doAIagp9
758331183566458880,2016-07-27 16:00:17,RTD is holding 2 public meetings on 7/28 @ noon &amp; 5:30 p.m. for feedback on renovating 16th St Mall transit lanes. https://t.co/teAGUMAoty
758046485334388737,2016-07-26 21:09:00,RTD is holding 2 public meetings on 7/28 @ noon &amp; 5:30 p.m. for feedback on renovating 16th St Mall transit lanes. https://t.co/teAGUMRZS8
757625231183716352,2016-07-25 17:15:05,We're Open! #MakeABLine on the B Line &amp; get from Westminster to LoDo in about 11 mins! https://t.co/COW9Mz3abN https://t.co/8kn5ZD7ykB
757612663371280385,2016-07-25 16:25:09,"CU A line Update: Gates at Quebec crossing are repaired and trains are running 15 min departures, slight delays over the next hour possible."
757594985562648576,2016-07-25 15:14:54,Here's what's happening at Westminster Stn     https://t.co/cmPzSWSdS6
757588605917237250,2016-07-25 14:49:33,CU A Line experiencing 20-30 minute delays due to crossing maintenance at Quebec caused by a truck damaging the gate arm. @DENAirport
757573931821772800,2016-07-25 13:51:15,Join us for the B Line Grand Opening! Free rides start at 11a. Westminster Stn at 71st &amp; Hooker St. https://t.co/8H18o9XPPD
757561299685380097,2016-07-25 13:01:03,Join us at the new Westminster Stn @ 10a for grand opening fun! Free rides start @ 11am. https://t.co/COW9Mz3abN https://t.co/ewsSfasCjv
757259300980928512,2016-07-24 17:01:01,The B Line opens in 24hrs! LoDo to Westminster in abt 11 mins. Join us for the grand opening fun tomorrow at 10am. https://t.co/COW9Mz3abN
756900440772530176,2016-07-23 17:15:02,We're celebrating the grand opening of the B Line on Mon 7/25. Free B Line rides after 11am! https://t.co/COW9Mz3abN https://t.co/TFR2bvK3x3
756636704367218689,2016-07-22 23:47:02,Crews work to put the finishing touches on Westminster Station. Grand opening Monday 10 a.m. https://t.co/SaRsuhgCw1 https://t.co/5y8X9q9U2P
756534300695068672,2016-07-22 17:00:07,72 hrs to the grand opening of our newest rail line - the B Line to Westminster. Join us! https://t.co/COW9Mz3abN https://t.co/S4OkrMA9u1
756492164792668160,2016-07-22 14:12:41,Update to D line: Police activity is clear and route is returning to normal service downtown. https://t.co/uZ8itRycNp
756294249113452544,2016-07-22 01:06:14,Repairs at Chambers causing 10-15 min delays on A line tonight &amp; track 2 boarding at Peoria &amp; Central Park. Details https://t.co/m695ErZg9q
756269579890937857,2016-07-21 23:28:13,A lines experiencing trip delays of 10-20 minutes due to vehicle damage near crossings. Details &amp; Updates at https://t.co/m695ErZg9q
756265626818273280,2016-07-21 23:12:30,"Downtown light rail stations have reopened. All D, F, and H lines are on regular routes. Please expect minor delays while we resume service."
756243883764256768,2016-07-21 21:46:06,"Routes 28, 32, 38, 43, 44 &amp; MallRide also impacted by closure at 16th &amp; Cali. Allow additional travel time in downtown area for PM commute."
756243518444613632,2016-07-21 21:44:39,Repair work by Xcel at 16th &amp; California continuing thru PM rush. Trains terminating at Convention Center. Updates: https://t.co/9SWchLlkH2
756114266919358465,2016-07-21 13:11:03,#MakeABLine on the B Line - opening in 4 days! Free rides on 7/25. See ya at Grand Opening! https://t.co/COW9Mz3abN https://t.co/KcSFFIiGMO
756092375122849792,2016-07-21 11:44:04,Light rail update: Xcel Energy is still working on gas leak near 16th &amp; California. Check rider alert here https://t.co/uZ8itRycNp
755920820132720641,2016-07-21 00:22:22,Repair work 16th/Cali causing D F &amp; H lines to terminate at Convention Center likely to continue overnight. Updates: https://t.co/9SWchLlkH2
755905641881870337,2016-07-20 23:22:03,5 days until B Line opens on 7/25! Don't miss the grand opening events on 7/25 &amp; 7/30. https://t.co/COW9Mz3abN https://t.co/ibLr5WKhR8
755898087898439681,2016-07-20 22:52:02,Milestone alert: Light rail train ran on R Line in Aurora during a systems test. https://t.co/bboKDAt1zB https://t.co/Y3fpxU2Kp2
755870942878846976,2016-07-20 21:04:10,"Buses 28, 32, 38, 43, 44 &amp; MallRide impacted by closure near 16th &amp; Cali. Allow additional travel time in downtown area for PM commute."
755870279306391555,2016-07-20 21:01:32,"F H &amp; D lines terminating at Conv Center thru PM rush due to downtown gas leak. Bus shuttles to 20th/Welton, updates https://t.co/uZ8itRycNp"
755860085591515137,2016-07-20 20:21:02,Pedestrian bridge at 41st &amp; Fox is open. Train station remains closed until the G Line opens https://t.co/wOwSULTU9t https://t.co/MCcIa3imXz
755838456924778496,2016-07-20 18:55:05,Meet the #dumbwaystodie gang at the B Line Grand Opening events 7/25 &amp; 7/30. Details at https://t.co/mR01MggUZQ https://t.co/Bl4yCW20cP
755800681970147328,2016-07-20 16:24:59,Please expect 10-15 min delays on A line service until approx 1:30p due to work at Havana. Updates:  https://t.co/m695ErZg9q @DENAirport
755740883807383552,2016-07-20 12:27:22,"Due to gas leak at 16th/Cal, north end of D Line runs between 30th/Dow &amp; 20th/Welton. There is a bus bridge between 20th/Welton &amp; Conv Cntr"
755739708118831104,2016-07-20 12:22:42,"H, F &amp; D Lines terminate at the Conv Cntr. due to gas leak at 16th/California. There's a bus bridge between Conv Cntr &amp; 20th/Welton."
755533690634051584,2016-07-19 22:44:03,The B Line to Westminster opens 7/25. LoDo to Westy in under 15 minutes. https://t.co/COW9Mz3abN #MakeABLine https://t.co/3skNABbBXs
755415576973934593,2016-07-19 14:54:43,CU A line update: All trains currently running at scheduled times. We apologize for any inconvenience during the delays. @DENAirport
755411387208257537,2016-07-19 14:38:04,"CU A line update: All trains running, east &amp; westbound, but with delays of up to 15 minutes. Please allow extra travel time. @DENAirport"
755388424501075968,2016-07-19 13:06:49,CU A Line is experiencing delays of 20-30 minutes. Please allow extra travel time during the next 2 hours. @DENAirport
755152679060410368,2016-07-18 21:30:03,"Apple Maps now uses RTD routes &amp; data for iPhones! Get directions, 3D views, real-time traffic info &amp; Rider Alerts https://t.co/RqMrz4njEU"
754479070440595456,2016-07-17 00:53:22,CU A-Line trains are departing on schedule. We appreciate your patience. @DENAirport
754463654423080960,2016-07-16 23:52:07,CU A-Line experiencing trip delays of up to 30 minutes both directions. Updates as available. @DENAirport
754167682405019649,2016-07-16 04:16:01,I-270 closed between Vasquez and I-76 for Skyway Bridge work until 6 a.m. Saturday: https://t.co/S1uhgsMAsk https://t.co/zS77OZNn7M
754080611174748160,2016-07-15 22:30:02,B Line opens in 10 days! We're celebrating on July 25 &amp; 30th! Come join us! Party details at https://t.co/COW9Mz3abN https://t.co/uWXTOQ1DNX
754069537725620225,2016-07-15 21:46:02,I-270 closes between Vasquez and I-76 for Skyway Bridge work 10pm tonight to 6am Saturday: https://t.co/S1uhgsMAsk https://t.co/7YXD29CoiN
754023994773221376,2016-07-15 18:45:04,Stumble says playing Pokémon Go around buses &amp; trains could be a dumb way to die. Be aware! https://t.co/9EefWJTTzg https://t.co/mXL7v0PSpj
753358105279279105,2016-07-13 22:39:03,Even Eevee knows to steer clear of buses! Stay alert &amp; be safe around buses &amp; trains when you're playing Pokémon Go. https://t.co/hdXRwfSzeA
753290905289830400,2016-07-13 18:12:01,Train testing begins on the entire G Line through Arvada and Wheat Ridge. What to expect: https://t.co/h3S9YnOaSt https://t.co/iDvIRgG4nZ
753212641921736704,2016-07-13 13:01:02,Stumble - making headphones &amp; train platforms a dumb way to die since 2012. Be safe around trains. #safetypledge https://t.co/Nb22q4Q5mG
751800597532192769,2016-07-09 15:30:04,RockiesRide gets you to the post-game fireworks tonight. Pickup locations &amp; schedules at https://t.co/ylewKagCM9 https://t.co/QH6DlQUtAe
751543898565062656,2016-07-08 22:30:03,B Line opens 7/25. @westminsterco to LoDo in under 15 minutes for $2.60! #MakeABLine https://t.co/COW9Mz3abN https://t.co/ho7JQbbFEY
751408014100312066,2016-07-08 13:30:05,Make a splash with us @WaterWorldCO on Sat 10a-2p.  Stop by &amp; get some fun summer B Line schwag! https://t.co/ynGrXbWaim
751257250551828480,2016-07-08 03:31:00,Iliff closed both directions between Abilene and Blackhawk in Aurora until 5:30 a.m. Friday Details: https://t.co/QE7tii7o5u #Traffic
751189303233880064,2016-07-07 23:01:00,Iliff Avenue closes between Abilene and Blackhawk in Aurora from 8:30 tonight until 5:30 a.m. Details: https://t.co/QE7tii7o5u #Traffic
751114319383801856,2016-07-07 18:03:03,We broke ground today for a state-of-the-art transit hub at Civic Center Station downtown. https://t.co/WCAEod0PeD https://t.co/RiEURVQ8Jy
751069514524028929,2016-07-07 15:05:01,Iliff Ave. closes between Abilene and Blackhawk in Aurora from 8:30 tonight until 5:30 a.m. Details: https://t.co/QE7tii7o5u #Traffic
750827933384658945,2016-07-06 23:05:03,B fast on the B Line! Westminster to LoDo in under 15 minutes! Opens 7/25. B informed at https://t.co/COW9Mz3abN https://t.co/mwjf0RxcF2
750819123404255233,2016-07-06 22:30:03,Final testing is underway on the B Line. See what to expect here: https://t.co/3Mdsk9gD0g https://t.co/bL5LULCHPt
750677435910230017,2016-07-06 13:07:02,"Get to know your ""Dumb"" friends - use this handy chart. Be smart around trains and buses. #safetypledge https://t.co/OhIh7RyRth"
750492390197039104,2016-07-06 00:51:43,Issue near Union Station resolved. Minor delays for next hour as A line trains resume scheduled service https://t.co/m695ErZg9q @DENAirport
750483193782865920,2016-07-06 00:15:11,Delays of up to 35 minutes on A lines EB &amp; WB. Please allow additional travel time to reach destinations @DENAirport https://t.co/m695ErZg9q
750456909333835777,2016-07-05 22:30:44,A line trains experiencing 10-15 min delays EB &amp; WB until further notice. Updates at https://t.co/m695ErZg9q @DENAirport
750456740756398080,2016-07-05 22:30:04,RockiesRide gets you to the post-game fireworks Sat 7/9.  Pickup locations &amp; schedules at https://t.co/ylewKagCM9 https://t.co/j3AUrDd3fw
750441635012419584,2016-07-05 21:30:02,Sable closed in Aurora between Alameda and Exposition beginning July 5 for about two weeks. https://t.co/J5r4Obv5Ho https://t.co/AjzF2BSjUy
750298196052549632,2016-07-05 12:00:04,Just a reminder--Civic Center Station is closed for renovations. Learn how your route will be impacted. https://t.co/WCAEod0PeD
750071697827459072,2016-07-04 21:00:03,"Be 'free' of traffic on the B Line, starting July 25th. Denver to Westminster in under 15 minutes. Find more info at https://t.co/COW9Mz3abN"
749950968096174090,2016-07-04 13:00:18,Today buses &amp; rail will operate on a Sunday/holiday schedule in observance of Independence Day. Happy 4th of July! Stay safe!
749655698074574848,2016-07-03 17:27:01,Tomorrow buses &amp; rail will operate on a Sunday/holiday schedule in observance of Independence Day. Happy 4th! Stay safe!
749633858971197441,2016-07-03 16:00:14,Headed to LoDo? FreeMALLRide re-routed along 15th &amp; 17th Sts for #meetinthestreet event. Learn more at https://t.co/6zbjnkcDGv
749603638960541697,2016-07-03 14:00:09,"Beginning today, Civic Center Station is closed for renovations.  Learn more about the project here: https://t.co/l7mcittmrP"
749252544019312641,2016-07-02 14:45:01,Headed to LoDo today? FreeMALLRide re-routed along 15th &amp; 17th Sts for #meetinthestreet event. Learn more at https://t.co/6zbjnkcDGv
748999679816249344,2016-07-01 22:00:14,Headed to LoDo this weekend? FreeMALLRide will be re-routed along 15th &amp; 17th Sts for #meetinthestreet event. https://t.co/6zbjnkcDGv
748931406466719744,2016-07-01 17:28:56,"Downtown D, F, H line update: all lines open as normal, please expect delays over the next 30 minutes as trains get back on schedule."
748930219159855104,2016-07-01 17:24:13,"Due to police activity at 14 &amp; California, D, F &amp; H lines are being diverted. Please see rider alert for details: https://t.co/uZ8itRycNp"
748909047479361538,2016-07-01 16:00:05,"On 7/3 Civic Center Station closes for renovations. If you're going downtown for the 4th, your route may be impacted https://t.co/WCAEod0PeD"
748877491943514112,2016-07-01 13:54:42,"CU A line is back to normal schedule, thank you for your patience. @DENAirport"
748861397711269889,2016-07-01 12:50:45,"CU A line trains are departing DIA &amp; Union Station on time, please expect slight delay as trains resume normal schedule over the next hour."
748855646301200385,2016-07-01 12:27:53,"CU A line is experiencing 15-20 minute delays due to operational issues, normal schedule is expected to resume at 8 AM. @DENAirport"
748583137857282048,2016-06-30 18:25:02,"The B Line to Westminster opens July 25th! Find fares, schedules and more at https://t.co/COW9Mz3abN https://t.co/z9OvFtzvht"
747977581236916225,2016-06-29 02:18:46,Maintenance at Quebec crossing is complete and CU A-Line trips are back on schedule. We appreciate your patience. @DENAirport
747963618239483904,2016-06-29 01:23:17,"Due to inclement weather, we are experiencing delays of up to 15 minutes on all light rail lines: C, D, E, F, H and W"
747944119591276546,2016-06-29 00:05:48,"CU A line is experiencing 10-15 minute delays due to maintenance at the Quebec Crossing, delays expected to last until 8 PM tonight."
747787900972982272,2016-06-28 13:45:03,The B Line opens July 25 and we have some before and after images for you to check out: https://t.co/TueTcjBNjc https://t.co/L31WguxLhW
747565424825425921,2016-06-27 23:01:01,"Stay off the tracks. Dropped your phone? Let it go. Phones can be replaced - you can't! Trains are fast, quiet &amp; slow to stop. #safetypledge"
747485648060194816,2016-06-27 17:44:00,"Find more ""be"" time on the B Line. Be less stressed with no traffic. Westminster to LoDo in less than 15 minutes. https://t.co/COW9Mz3abN"
746378156437757952,2016-06-24 16:23:14,"Light rail update: Power has been restored &amp; trains are moving. Please expect delays for E, F &amp; H lines over the next 30 minutes."
746370206482604032,2016-06-24 15:51:38,"Light rail power loss on the southeast stations,  E, F &amp; H lines are not running south of Broadway Station. Bus bridges are being setup."
746330799134277640,2016-06-24 13:15:03,Travel Westminster to LoDo in less than 15 mins for local fare of $2.60. B Line opens 7/25! https://t.co/COW9Mz3abN https://t.co/OsqOOuXYI0
745968414364049408,2016-06-23 13:15:04,"On 7/3, Civic Center Station will close for renovations.Learn how your route may be impacted https://t.co/zHg5frpQ6B https://t.co/Iv7JqPZ00L"
745598211201503233,2016-06-22 12:44:00,Ride on over to the RTD tent @ Union Station or Civic Center Park &amp; get your free #BiketoWorkDay t-shirt (limited supply!)
745422474435649536,2016-06-22 01:05:41,CU A line trains are running with minimal delays as trains get back to their normal schedules. Thank you for your patience. @DENAirport
745391097451417600,2016-06-21 23:01:00,"Stop by the RTD tent @ Union Station or Civic Center Park on #BiketoWorkDay tomorrow. On a bike? Get a t-shirt, while supplies last!"
745348250513727489,2016-06-21 20:10:45,CU A Line on 20-30 minute trip delays both directions due to signal issues. Updates will be sent as available. @DENAirport
745240103690199040,2016-06-21 13:01:01,B Fast on the B Line. It's Built for speed. Westminster to LoDo in less than 15 minutes. Opens July 25! https://t.co/COW9Mz3abN
745027199397298176,2016-06-20 22:55:00,Formas Tontas de Morir ... a new way to get that song stuck in your head! #dumbwaystodie in Español. https://t.co/pWCVNZos2G
744888788590092289,2016-06-20 13:45:01,#BiketoWorkDay is June 22. RTD will be @ Union Station &amp; Civic Center Park with grub &amp; gear. Bikes are welcome on most RTD vehicles.
744698354928488448,2016-06-20 01:08:18,CU A-Line has resumed regular schedule. We appreciate your patience.
744654616873230336,2016-06-19 22:14:30,"CU A line is experiencing a 10-15 minute delay for east &amp; westbound trains. Please allow extra travel time today, updates soon."
744224410748362752,2016-06-18 17:45:01,Come see us at the R-Line open house. We're at at the Iliff Station in Aurora with food &amp; info 'til 2:00 today. https://t.co/gDsFUdJgsL
744171412919721984,2016-06-18 14:14:25,Update: CU A Line is back on schedule. @DENAirport
744139239546200065,2016-06-18 12:06:34,CU A Line is on a 10-15 minute delay for the next 2 hours due to mechanical. We'll send updates as we get them. @DENAirport
743931237501272064,2016-06-17 22:20:03,"Join us for food, fun and info about the new R line in Aurora at our open house tomorrow. https://t.co/gDsFUdJgsL https://t.co/9n1YqEljL5"
743929431102611456,2016-06-17 22:12:52,"All downtown trains D, F, and H Lines are on a  5-10 minute delay due to an incident downtown. We should be back on schedule within the hour"
743928980420472832,2016-06-17 22:11:05,CU A Line is on a 15-30 minute delay for the next hour due to a mechanical problem on one of the trains.
743881947340931073,2016-06-17 19:04:11,"CU A line trains no longer running at restricted speeds, delays of 15-20 minutes over the next hour as we get back on schedule @DENAirport"
743850637771759616,2016-06-17 16:59:46,Please expect 15-20 minute delays for the CU A line both directions due to trains running at restricted speeds near Colorado Station.
743823403983921152,2016-06-17 15:11:33,"CU A line trains are moving at restricted speeds near Colorado Station due to signal issues, please expect 15-20 minute delays."
743794082401529861,2016-06-17 13:15:02,Dump the pump and Bike to Work on June 22. Join RTD @ Union Station &amp; Civic Center Park for morning goodies &amp; gear. https://t.co/MP1aaWfK9I
743782148730032128,2016-06-17 12:27:37,"CU A line trains are departing DIA &amp; Union Station on time, slight delays between station possible as we get back to normal schedule."
743765947882737664,2016-06-17 11:23:15,A line trains are experiencing a 30 minute delay due to issues at Chambers crossing. Please allow extra time as we get back on schedule.
743567589834579968,2016-06-16 22:15:02,Boost your commute with the B Line! Westminster to LoDo in under 15 mins! Opens July 25 https://t.co/COW9Mz3abN https://t.co/zkBnfSqTbB
743502911204790273,2016-06-16 17:58:02,"R-Line open house Saturday at Iliff Station. 10am-2pm. Food, fun and Aurora rail line info. https://t.co/gDsFUdJgsL https://t.co/DL6cDLlEWE"
743428168808181760,2016-06-16 13:01:02,Today is the 11th Annual Dump The Pump day! Share your pix of how you #dumpthepump and @RideRTD ! https://t.co/SKctQeF7AZ
743249031371984896,2016-06-16 01:09:12,"CU A line trains are running at full service, please expect delays as trains get back to their scheduled times. Bus bridge is ending."
743236970952818688,2016-06-16 00:21:17,Bus bridges are being set up to service A line stations due to mechanical issues on the track. Trains are running with 30-45 minute delay.
743233705016070144,2016-06-16 00:08:18,30-45 minute delays possible for the A line as trains get back on schedule. Please allow extra travel time.
743222811213201408,2016-06-15 23:25:01,"A line update: Stuck train is cleared, please expect 15-20 minute delays while trains get back on schedule."
743220911755558913,2016-06-15 23:17:28,A line train car has lost power at 38th &amp; Colorado. All other A line trains running with slight delays.
743215266851622912,2016-06-15 22:55:02,Meet Numpty at our Info Event on 6/18. We'll be at Iliff Station - Harvard &amp; Blackhawk - from 10-2. #safetypledge https://t.co/0sWNAeMSVj
743194624747937792,2016-06-15 21:33:01,#BiketoWorkDay is June 22. Join RTD @ Union Station &amp; Civic Center Park for morning goodies &amp; gear. Bikes are welcome on most RTD vehicles.
743137258098692097,2016-06-15 17:45:03,"R-Line open house Sat., June 18. Food, fun and info about the new rail line in Aurora. https://t.co/gDsFUdJgsL https://t.co/LzcDU8NhoJ"
742571310375538689,2016-06-14 04:16:11,CU A-Line has resumed full service between Union Station and DIA.
742556349028925440,2016-06-14 03:16:44,CU A-Line Update: Test train running between 40th/Airport and DIA. We expect to resume regular service within the next 30 minutes.
742539942513889280,2016-06-14 02:11:32,CU A-Line power restored between DUS and 40th/Airport. Bus bridge in place between 40th/Airport and DIA.
742534486466822144,2016-06-14 01:49:51,"Due to a lightning strike, all trains on the CU A-Line are stopped. Updates as available."
742523214681628672,2016-06-14 01:05:04,H Line on 15-30 minute delays both direction due to a mechanical problem. Bus shuttles will be in place between Dayton and 9 Mile
742065075448512512,2016-06-12 18:44:35,Update: CU A Line trains are now departing Union Station and DEN on schedule. @DENAirport
742051996010614784,2016-06-12 17:52:37,CU A Line experiencing 15-20 minute delays due to fire alarm at the command center. Had to stop trains for safety reasons. @DENAirport
741392332294000640,2016-06-10 22:11:21,Update on C &amp; D Line delays. Trains are moving now. Expect additional delays for the next hour as we get the trains back on schedule.
741350642665414660,2016-06-10 19:25:41,Update: C &amp; D lines on 10-15 min delays both directions due to wire damage btwn Littleton/MIneral. Train shuttle in place btwn both stations
741344817632837632,2016-06-10 19:02:32,C &amp; D lines on 10-15 minute delays both directions due to wire damage between Littleton &amp; MIneral. Will send updates as we get them.
741257368437030913,2016-06-10 13:15:03,Have you taken the pledge to be safe around buses &amp; trains? Stay alert &amp; stay alive. https://t.co/81MTIp15aA https://t.co/4Zy6AnJads
741051129706905601,2016-06-09 23:35:32,E and F lines northbound will experience 10 to 15 minute delays for the next half hour.
741023064872214529,2016-06-09 21:44:00,Starting 7/3 Civic Center Station closes for construction for approx. 12 mo. Bus service will be rerouted. More info https://t.co/WCAEod0PeD
740907937770528769,2016-06-09 14:06:32,A Line Update:  Trains are back on schedule.
740897594793025539,2016-06-09 13:25:26,A Line Update: Signal issues have been resolved. Expect additional minor delays as we get trains back to their normal schedule. @DENAirport
740877512788443136,2016-06-09 12:05:38,A Line on 15 minute delays for the next hour due to minor issues w/ Positive Train Control switch &amp; Wayside signals. Will update as needed.
739192676235378688,2016-06-04 20:30:42,The CU A-Line has returned to regularly scheduled service. Crossing issues resolved. We appreciate your patience! @DENAirport
739143676673200128,2016-06-04 17:15:59,CU A-Line experiencing 10-15 minute delays in both directions due to crossing issues. Updates as available @DENAirport
738826353684840450,2016-06-03 20:15:04,Become featured in a new mural along the G Line! Community members are welcome to sign up at https://t.co/pnnH4y5t0p https://t.co/h5ySBnldZs
737878498832945152,2016-06-01 05:28:37,"Incident at Quebec &amp; Ulster resolved. EB/WB A line trains are moving, please expect delays while service resumes. https://t.co/m695EsgRy0"
737869827776319488,2016-06-01 04:54:10,Delays on all A line trains due to incident at Quebec &amp; Ulster. Crews on site working to restore service. Updates at https://t.co/m695EsgRy0
737271095544270848,2016-05-30 13:15:01,RTD buses &amp; trains are operating on a Sunday/Holiday schedule today in observance of Memorial Day. See schedules at https://t.co/TvhQiPjlvW
737252228784783360,2016-05-30 12:00:03,Running shoes - check. Now - how to get there?! Take RunRide to the BolderBoulder! See schedules at https://t.co/A5zbQ4PsoZ #boldnation
737010630666772480,2016-05-29 20:00:02,"RTD buses &amp; trains will operate on a Sunday/Holiday schedule on Memorial Day, Monday, May 30th. See schedules at https://t.co/TvhQiPjlvW"
736952744905342976,2016-05-29 16:10:00,Less than 24hrs 'til the BolderBoulder! Take RunRide to America's All-Time Best 10K. See schedules at https://t.co/A5zbQ4PsoZ #boldnation
736605708158787584,2016-05-28 17:11:00,Are you ready for the BolderBoulder? Take RunRide to America's All-Time Best 10K. See schedules at https://t.co/A5zbQ4PsoZ #boldnation
736587851207344130,2016-05-28 16:00:03,"RTD buses &amp; trains will operate on a Sunday/Holiday schedule on Memorial Day, Mon May 30th. Check schedules at https://t.co/TvhQiPjlvW"
736210397267558402,2016-05-27 15:00:11,Are you prepping for the BolderBoulder? Take RunRide to America's All-Time Best 10K. See schedules at https://t.co/A5zbQ4PsoZ #boldnation
736187713666224128,2016-05-27 13:30:03,"RTD buses &amp; trains will operate on a Sunday/Holiday schedule on Memorial Day, Monday, May 30th. Check schedules at https://t.co/TvhQiPjlvW"
735644479261020160,2016-05-26 01:31:26,"Boarding locations at 38th/Blake, 40th/Colorado, Central Park Station during tonight's maintenance have been updated https://t.co/m695ErZg9q"
735608265573208064,2016-05-25 23:07:32,"Scheduled maintenance tonight at 38th &amp; Blake, 40th &amp; Colorado, Central Park Stations, boarding on Platform 2. Info: https://t.co/m695ErZg9q"
735470462193524736,2016-05-25 13:59:57,"E, F, H lines are running. Bus shuttles will stop at 8:00am. Expect delays for the next 60 - 90 minutes as we get trains back on schedule."
735443733026459649,2016-05-25 12:13:44,"Update on E,F,H Lines. E,F running from Lincoln/Colo. Bus shuttles in place from Colo/Bdwy. H Line not running. Buses are from 9Mile/Bdwy"
735440933148196866,2016-05-25 12:02:36,"Update E,F,H Lines are shut down due to investigation of earlier accident. Bus shuttles back in place."
735428514732593154,2016-05-25 11:13:16,"Update on E,F,H Lines. Bus shuttles are being cancelled. Trains are running but will be on 30-45 minute delays."
735423577160187905,2016-05-25 10:53:38,"E,F,H lines not in service due to an accident. Bus shuttles are running between Lincoln/Bdwy, &amp; 9Mile/Bdwy."
735335203401543680,2016-05-25 05:02:29,CU A-Line has returned to full service. We appreciate your patience. @DENAirport
735333303952281600,2016-05-25 04:54:56,Service on D-Line to 30th/Downing Station has resumed. Xcel Energy completed fix to gas line leak.
735276720681455616,2016-05-25 01:10:05,Bus shuttles continue for D line 18th/Stout to 30th/Downing due to Welton closure &amp; A line 40th/Airport to @DENAirport until further notice
735257965389746176,2016-05-24 23:55:34,All D line trains ending at 18th/California due to Fire Dept activity on Welton. Catch bus shuttles on 18th &amp; Stout to 30th/Downing Station
735252829560922113,2016-05-24 23:35:09,A line service has resumed Union Station to 40th/Airport. Bus shuttles between 40th/Airport &amp; @DENAirport Updates at https://t.co/m695ErZg9q
735236304296808448,2016-05-24 22:29:29,Bus shuttles to @DENAirport are picking up at Union Station on Wewatta at 17th &amp; at all other stations along the A line until further notice
735219113463668736,2016-05-24 21:21:11,"Due to a power loss along the A line, bus shuttles are in place at all A line stations until further notice @DENAirport"
734911987277139968,2016-05-24 01:00:46,University of Colorado A Line experiencing 5-10 minute delays due to signal communication. Crew is on it.
734866685287485440,2016-05-23 22:00:45,"Due to scheduled maintenance, board all A Trains on Track 2 @ 38/Blake, 40/Colo, Central Park stations on May 23, 11:50pm to 4:15am tomorrow"
734859703948189696,2016-05-23 21:33:01,Attend a public meeting for August service changes on May 24th and share your thoughts. Learn more https://t.co/1Z6kcMQVb6
734701176847884288,2016-05-23 11:03:05,Power along the A Line has been restored. Service is being restored. Please expect delays.
734695801981566976,2016-05-23 10:41:43,A Line is currently down due to power failure. Crew is working on restoring it. Will update with developments.
734441009933877248,2016-05-22 17:49:16,Crossing issues have been resolved and the CU A-Line is operating on schedule. We appreciate your patience. @DENAirport
734402866299817984,2016-05-22 15:17:42,The CU A-Line is experiencing 10-15 minute delays in both directions due to crossing issues. Updates as available. @DENAirport
734399671641112576,2016-05-22 15:05:00,Today - no light rail service north of the I-25 &amp; Broadway Station through 3am May 23. Bus shuttles will run https://t.co/cnE3SnL1tG
734104826598936579,2016-05-21 19:33:24,Power has been fully restored along the CU A-Line. @DENAirport
734102257126412288,2016-05-21 19:23:11,Power has been restored on one CU A-Line track at this time. Work continues on second track.
734095799546568704,2016-05-21 18:57:32,"Due to power loss along the A line, bus shuttles in place at stations from @DENAirport to 38th &amp; Blake. Updates at https://t.co/m695ErZg9q"
734036030832021505,2016-05-21 15:00:02,Today - no light rail service north of the I-25 &amp; Broadway Station through May 23. Bus shuttles running - more at https://t.co/cnE3SnL1tG
733790540232196096,2016-05-20 22:44:32,"Due to work at York &amp; Clayton, please expect 15-20 min delays on A line until further notice. Updates: https://t.co/m695ErZg9q @DENAirport"
733635890124185600,2016-05-20 12:30:01,Today - no light rail service north of the I-25 &amp; Broadway Station through May 23. Bus shuttles will run https://t.co/cnE3SnL1tG
733409399193010176,2016-05-19 21:30:01,"Scheduled maintenance on the A line tonight from 8:00p-4:00a will cause 5-15 min delays, details at https://t.co/m695ErZg9q @DENAirport"
733361754130894848,2016-05-19 18:20:42,"Please expect 10-15 minute delays on the A line right now due to work at Monaco crossing, updates at https://t.co/m695ErZg9q @DENAirport"
733281057278025728,2016-05-19 13:00:02,"Starting tomorrow, no light rail service north of the I-25 &amp; Broadway Station May 20-23. Bus shuttles will run https://t.co/cnE3SnL1tG"
733065631151493121,2016-05-18 22:44:00,"Due to repair work, no light rail service north of the I-25 &amp; Broadway Station May 20-23. Bus shuttles will run https://t.co/cnE3SnL1tG"
733048267030683648,2016-05-18 21:35:00,"Scheduled maintenance on the A line tonight &amp; tomorrow night from 8p-4a will cause 5-15 min delays, info https://t.co/m695ErZg9q @DENAirport"
732736757297340416,2016-05-18 00:57:11,"The A line will have 10-15 min delays tonight from 8pm-4am due to scheduled maintenance, info at https://t.co/m695ErZg9q @DENAirport"
732663198076141568,2016-05-17 20:04:53,2:18pm Northbound E Line departing Lincoln Station will not run due to a mechanical issue.
732567602531176448,2016-05-17 13:45:01,"Attend a public meeting for August service changes on May 19, 20 or 24th and share your thoughts. Learn more https://t.co/1Z6kcMQVb6"
732437229541429250,2016-05-17 05:06:58,A-Line service is resuming. We have buses en-route to DIA and 38th &amp; Blake to help with volume. We do apologize for the inconvenience.
732409623538372608,2016-05-17 03:17:16,Expect 10-15 minute delays until 2AM Tuesday on the A Line for track maintenance. Updates at https://t.co/9SWchLlkH2 @DENAirport
731877049523048449,2016-05-15 16:01:00,Emergency preparedness EXERCISE underway until 12pm today for B and G commuter rail lines. 60th Ave. near I-76. https://t.co/8BODkrcKSs
731846606903877633,2016-05-15 14:00:02,Emergency preparedness DRILL underway until noon today for B and G lines. Exercise happening at 60th Ave. near I-76. https://t.co/8BODkrcKSs
731529763232219136,2016-05-14 17:01:01,Emergency preparedness DRILL tomorrow 8am-12pm for new B and G commuter rail lines. 60th Ave. near I-76. https://t.co/8BODkrcKSs
731242871924391936,2016-05-13 22:01:01,"Emergency preparedness DRILL this Sunday, May 15 8am-12pm for new B and G commuter rail lines. 60th Ave. near I-76. https://t.co/8BODkqVa0U"
731197577152974853,2016-05-13 19:01:02,FasPhoto Friday: RTD Color Guard members at Southeast Rail Extension groundbreaking Tuesday. https://t.co/shW233u9KE https://t.co/3sX1V0OycM
730883768911716352,2016-05-12 22:14:04,All A line trains are now back on schedule
730876493648121856,2016-05-12 21:45:09,"Due to a blockage of Chambers crossing, all A line trains are experiencing 10-15 minute delays. Updates at https://t.co/m695ErZg9q"
730563171396653056,2016-05-12 01:00:07,We will be performing website maintenance tonight at 9:15 pm through 3 am. We apologize for any inconvenience this may cause.
730385727045943297,2016-05-11 13:15:01,We will be performing website maintenance tonight at 9:15pm through 3am. We apologize for any inconvenience this may cause.
730189433446772736,2016-05-11 00:15:01,We broke ground on the SE Rail Extension. Work on the light rail project starts Monday! https://t.co/shW233LL9e https://t.co/eZBupyI8F3
730174332173832192,2016-05-10 23:15:01,"Share your feedback about August service changes at a public meeting on May 19, 20 or 24th. Learn more  https://t.co/1Z6kcMQVb6"
730120227896233984,2016-05-10 19:40:01,We officially broke ground on the Southeast Rail Extension project today. Work starts May 16 https://t.co/shW233u9KE https://t.co/q6zmLM2Lhh
728577561840656384,2016-05-06 13:30:01,"Share your thoughts on August service changes at a public meeting on May 19, 20 or 24th. Learn more  https://t.co/1Z6kcMQVb6"
728343549062709249,2016-05-05 22:00:08,"We are excited to announce that rail service on the B Line from Union Station to Westminster begins July 25, 2016! https://t.co/sRmZiWsTyU"
727885755352154113,2016-05-04 15:41:02,Flatiron Flyer buses can now drive on the shoulder on US 36 when traffic is bad. Learn more: https://t.co/gkviOJjnHY https://t.co/PfBKGJmCZw
727630067849793536,2016-05-03 22:45:01,"We want your input for August service changes. Attend a public meeting on May 19, 20 or 24th. Learn more at https://t.co/1Z6kcMQVb6"
727623601189326848,2016-05-03 22:19:19,"RT @APTA_Transit: More than 80k people took the @RideRTD ""Train to the Plane"" rail service that opened in Denver this weekend. #TCT https:/…"
727603392705519616,2016-05-03 20:59:01,Groundbreaking for the Southeast Rail Extension light rail project scheduled May 10. https://t.co/shW233u9KE https://t.co/NUfVSCW9lj
727216125121949696,2016-05-02 19:20:09,Update on A Line: Trains westbound back on schedule.
727206036105515008,2016-05-02 18:40:04,There is currently a 15-20 minute delay due to train 4037 experiencing mechanical issues south bound from DIA.
727129700804509697,2016-05-02 13:36:44,"Update on D, F and H Lines. Power has been restored. Expect 15-20 minute delays as we get trains back on schedule."
727128269632462850,2016-05-02 13:31:03,"Due to a power outage at Colfax/Auraria. No train movement at this time NB, crews are in route to get power restored"
725758878097375235,2016-04-28 18:49:35,Civic Center Station closure for street repairs 4/28 - 5/2 has been postponed due to weather. Updates at https://t.co/13Hm0J1fMQ
725667134680911876,2016-04-28 12:45:01,Civic Center Station closures are in affect today through May 2. Check to see if your route is affected https://t.co/13Hm0J1fMQ
725455741516050432,2016-04-27 22:45:01,Civic Center Station closures are in affect again Apr 28 - May 2. Check to see if your route is affected https://t.co/13Hm0J1fMQ
725102306358759424,2016-04-26 23:20:36,A line trains are now operating to and from @DENAirport - Please expect 15 minute delays while regular A line scheduled service resumes.
725094255027343361,2016-04-26 22:48:36,A line trains currently terminating at 40th/Airport. Bus shuttles in place between 40th/Airport &amp; DIA. Updates: https://t.co/m695ErZg9q
725003316162228225,2016-04-26 16:47:15,More Selfie Spot fun from Saturday's #traintotheplane station parties https://t.co/2pYRPsrfco
725002921226575872,2016-04-26 16:45:40,"Lots of ""world travelers"" at our Selfie Spots at Saturday's #traintotheplane station parties https://t.co/5cjL7teX52"
724998942811787264,2016-04-26 16:29:52,Showing off some more Selfie Spot pix from Saturday's #traintotheplane station parties https://t.co/R8AmR1o0Gn
724990930038624257,2016-04-26 15:58:02,A fun Selfie Spot pix from Saturday's Station Parties... #traintotheplane https://t.co/DjkSjTFGcw
724987909481209857,2016-04-26 15:46:01,Sharing some fun pix from our Selfie Spots at Saturday's Station Parties... #traintotheplane https://t.co/dcmLFXu0ln
724579970601771008,2016-04-25 12:45:01,Service changes are now in effect! Know before you go &amp; review your route changes &amp; schedules at https://t.co/I8wJ8g7Sx5
724281773941657600,2016-04-24 17:00:06,Planning on Uber'ing to/from the CU A Line Stations? Use promo code CUALINE to get $5 off. Offer good April 25-29
724281757395116034,2016-04-24 17:00:02,Civic Center Station closed today. Affects Free MallRide &amp; Free MetroRide. See how your route is affected at https://t.co/13Hm0J1fMQ
724266694349180929,2016-04-24 16:00:10,Service changes take place today! Review your route changes &amp; schedules at https://t.co/I8wJ8g7Sx5 https://t.co/h2ertHvjjG
724045396612251649,2016-04-24 01:20:49,"RT @RTDGMCEO: CU A line 38th &amp; Blake station art dedication, RTD Director Lorraine M. Anderson &amp; artist Sandra Fettingis. https://t.co/sRCC…"
723994874270216193,2016-04-23 22:00:03,The opening of CU A Line is affecting many routes &amp; services on April 24. See what's changing at https://t.co/I8wJ8g7Sx5
723953568353406976,2016-04-23 19:15:55,"RT @RTDGMCEO: Art dedication at CU ALine 40th&amp;Pena station with RTD Director Deadwyler, Aurora Mayor Hogan &amp; artist Molly Dilworth https://…"
723953544680759296,2016-04-23 19:15:50,RT @RTDGMCEO: Art dedication at CU A Line 38th&amp;Peoria station with RTD Director Deadwyler &amp; artist Blessing Hancock. https://t.co/MWeli5mD4L
723953521901457410,2016-04-23 19:15:44,"RT @RTDGMCEO: CU A line Central Park station art, Councilman Herndon, Angie Malpiede &amp; artist Sean O'Meallie. https://t.co/vn5fIZdKzJ"
723949574738452481,2016-04-23 19:00:03,Heads up! Stay alert around train tracks. Trains are fast &amp; can't stop easily. Learn more at https://t.co/81MTIp15aA https://t.co/1ODItXv6CE
723934473797013505,2016-04-23 18:00:03,Snap a selfie at the Station Parties along the CU A Line &amp; win prizes! Tag your pic w/ #traintotheplane &amp; see it at https://t.co/TQI9zRf14A
723932727087484928,2016-04-23 17:53:06,RT @RTDGMCEO: CU A line Central Park Station party - Stapleton community enjoying the day. https://t.co/2VF8XjUoMF
723930918356803584,2016-04-23 17:45:55,Live iron pour at 38th and Blake Station Party https://t.co/E0rm8tnasA
723929579375591425,2016-04-23 17:40:36,"Things are heating up at 38th and Blake - where art is made! Live iron pours, carve your own design https://t.co/rooiITD7iq"
723911820168163332,2016-04-23 16:30:02,CU A Line Station Party - we will be offering bus shuttles between stations if the wait gets too long. We are expecting large crowds.
723904282915835904,2016-04-23 16:00:05,"Don't forget to snap a selfie at the Station Parties along the CU A Line. Snap, tag w/ #traintotheplane &amp; win! https://t.co/TQI9zRf14A"
723894396714786816,2016-04-23 15:20:48,Passengers on the platform @DenAirport Station. Come join us at our station parties today along the CU A Line https://t.co/0FaXzge6hP
723893404216774657,2016-04-23 15:16:51,#TrainToThePlane arrives at DENAirport Station. Rides are free today. https://t.co/l4nuwGfKbb
723892943531048960,2016-04-23 15:15:01,Civic Center Station closed today. Affects Free MallRide&amp; Free MetroRide. Keep in mind for CU A Line station parties https://t.co/13Hm0J1fMQ
723885395323187200,2016-04-23 14:45:02,"Celebrate the now-open CU A Line at 8 Station Parties. Food, fun &amp; entertainment &amp; free rides all day! 10a-2p. https://t.co/gQbkNLLL97"
723874100838436864,2016-04-23 14:00:09,Headed to the CU A Line Station Parties this morning? Don't miss these tips about big crowds and big fun! https://t.co/GKu5sr7uFQ
723862744953278464,2016-04-23 13:15:01,Catching a flight today? Please use SkyRide to get to DIA on time. We expect large crowds for the CU A Line station parties today.
723695739306647552,2016-04-23 02:11:24,University of Colorado A Line towards Denver International Airport: Last train leaves Union Station at 9pm.
723643800485130241,2016-04-22 22:45:01,Know before you go! Station Parties tips about big crowds and big fun! https://t.co/GKu5sr7uFQ
723628702634909697,2016-04-22 21:45:01,The CU A Line is now open! If you missed Grand Opening - join us at the Station Parties starting at 10a tomorrow! https://t.co/gQbkNLLL97
723625405819719680,2016-04-22 21:31:55,RT @DENAirport: What an amazing day! Thousands checking out the new University of Colorado A Line! Free station parties Sat 10-2 https://t.…
723624278759858176,2016-04-22 21:27:27,RT @james_will: The line for the free A Line wrapping around @DenversStation. #TrainToThePlane @9NEWS @denverpost @denbizjournal https://t.…
723589653471752193,2016-04-22 19:09:51,Long lines at @DenversStation. Be prepared w/ sunscreen &amp; water. Catching a flight today? Take SkyRide bus https://t.co/rhQZI6zVvZ
723588830125690881,2016-04-22 19:06:35,RT @5280Magazine: The Train to the Plane Comes with a Side of (Local) Art https://t.co/oIpKM4f8bA #RTD @RideRTD @DENAirport https://t.co/8V…
723587190421221376,2016-04-22 19:00:04,The wires above the train are extremely high voltage. Don’t try to touch them. Learn more at https://t.co/81MTIp15aA https://t.co/nV1o2lGC1x
723583609509011457,2016-04-22 18:45:50,RT @CUConnections: Hundreds lined up for free rides on #CUALine #TrainToThePlane https://t.co/8lWgl9xPTq
723574626169720833,2016-04-22 18:10:08,First CU A Line leaves @DENAirport headed for @DenversStation https://t.co/KcXwZbhrO2
723572254232051712,2016-04-22 18:00:43,The first commuter train with passengers on board just left @denairport Station. #TrainToThePlane https://t.co/QWlAXLFrMd
723572118269501441,2016-04-22 18:00:10,All aboard! The University of Colorado A Line is officially open! Free rides all day today! https://t.co/wsWQ2pwtFD https://t.co/BA4xPIynGJ
723568845219229696,2016-04-22 17:47:10,Passengers are seated and ready to go. The CU A Line is about to make its first trip to Union Station https://t.co/XCxu4hZwcG
723565966735474688,2016-04-22 17:35:44,Robert boards the first bike on the new commuter rail trains! #TrainToThePlane https://t.co/FdWaZX0nXS
723562710235914241,2016-04-22 17:22:47,Heading down for the first rides on the #TrainToThePlane. Noon departure. https://t.co/HusWoOTLaJ
723562015835361280,2016-04-22 17:20:02,Lucky first riders heading down 5 story escalator to the CU A Line platform. #traintotheplane. Opens in 45 minutes. https://t.co/VkhxjdLo1d
723560015424942080,2016-04-22 17:12:05,Numpty has arrived! Be safe around buses and trains! #dumbwaystodie https://t.co/v2KAOXQBuO https://t.co/pxIuV56jKJ
723559697861632000,2016-04-22 17:10:49,RT @RAILMag: @RideRTD's EMUs are ready for their 1st official A Line passenger trips #TrainToThePlane #Denver #DIA #rail https://t.co/9yXKh…
723553739714473984,2016-04-22 16:47:09,RT @ncurrey: COGuv @hickforco ties the region's leaders past/present to @RideRTD's #traintotheplane https://t.co/rGOMnuyygV
723552842393350144,2016-04-22 16:43:35,RT @RAILMag: Denver @MayorHancock at #TrainToThePlane remembers late @RideRTD GM Cal Marsalla https://t.co/RV8QagWP3P
723551526455631872,2016-04-22 16:38:21,RT @DENAirport: Tickets for the A Line may be purchased at ticket vending machines located on the train platform using cash or credit cards…
723549684011163648,2016-04-22 16:31:02,Canine Airport Therapy Squad member Scar makes a  new friend. #TrainToThePlane grand opening continues. https://t.co/bwYP3tKJy3
723546925371252740,2016-04-22 16:20:04,"CU A Line rails made of 100% recycled  steel from Pueblo, CO. #EarthDay2016"
723546770546946048,2016-04-22 16:19:27,"Our big new commuter trains are ready to roll. 37 minutes from  @DENAirport to Union Station. Free today, tomorrow https://t.co/RkiTvsTxz9"
723544410990981120,2016-04-22 16:10:05,The Denver Dolls performed the National Anthem. The opening ceremonies are underway. https://t.co/AzqJ5Ik53Y
723542696858509312,2016-04-22 16:03:16,All set for the grand opening of the University of Colorado A Line. https://t.co/O90yYvuygT
723538313999589379,2016-04-22 15:45:51,RT @ChrisJHerndon: The @RideRTD A Line has arrived at @DENAirport! @AlbusBrooksD9 @KendraBlackD4 https://t.co/NY5fagh6OE
723538074244804609,2016-04-22 15:44:54,#traintotheplane pulls into @DENAirport https://t.co/lnOJ4DKMwU
723536468531011585,2016-04-22 15:38:31,Brutus is at the #TrainToThePlane grand opening. He's with Canine Airport Therapy Squad. (CATS) https://t.co/ClRb277HRT
723536464655454208,2016-04-22 15:38:30,40th and Airport Ribbon Cutting. #traintotheplane https://t.co/twbYeJJPij
723535294964727808,2016-04-22 15:33:51,Escalator from @DenAirport Station platform to terminal is tallest in Colorado at 5 stories. https://t.co/0VJwgKcphQ
723534387296362496,2016-04-22 15:30:15,Folks arriving @DenAirport for the opening ceremonies for the University of Colorado A Line. Train opens at noon. https://t.co/M53OE1SnV5
723534332107747328,2016-04-22 15:30:02,Civic Center Station closed today. Affects Free MallRide &amp; Free MetroRide. Keep in mind for CU A Line opening events https://t.co/13Hm0J1fMQ
723532597368754177,2016-04-22 15:23:08,RT @EatWalkLearn: .@ridertd staff joined @walk2connect walkers to inspect the fare machines at @StapletonDenver #traintotheplane https://t.…
723532437028917248,2016-04-22 15:22:30,RT @RAILMag: Video: VIP @RideRTD A Line train arrives at DIA. #TrainToThePlane #Denver https://t.co/newWmNavj1
723532196309393408,2016-04-22 15:21:32,Ribbon is cut for the #TrainToThePlane @DenAirport Station https://t.co/JuO6gqgc5W
723530288450531328,2016-04-22 15:13:57,RT @ncurrey: Cruising at 79mph on @RideRTD's #traintotheplane near the @DENAirport https://t.co/K2v6LpUuEL
723528618119409665,2016-04-22 15:07:19,RT @ncurrey: We are not worried about security on this #traintotheplane @DHSgov @RideRTD https://t.co/cQG7ZYXdvI
723528286786068480,2016-04-22 15:06:00,RT @CUSystem: Ribbon cutting for the #rtd University of Colorado A Line with @MayorHancock and @RideRTD GM Dave Genova. #CUALine https://t.…
723528044716019712,2016-04-22 15:05:03,RT @TaRhondaThomas: #TrainToThePlane grand opening about to happen! Here's a Twitter photo tour: #9news @RideRTD @DENAirport https://t.co/o…
723526716111491072,2016-04-22 14:59:46,RT @AdamsCountyED: The Train to the Plane!  Only 3 hours remain until the A-Line begins service.  https://t.co/LAqSo3w9WY @RideRTD @SmartCo…
723524302876733440,2016-04-22 14:50:10,Watch the live news stream for all the grand opening events at Denver International Airport. Thank you to @9news   https://t.co/JWIFCljFvT
723523495376736256,2016-04-22 14:46:58,RT @CUSystem: We're off! I'd like to introduce to you the @RideRTD #CUALine from Union Station to @DENAirport! #traintotheplane https://t.c…
723523340439179264,2016-04-22 14:46:21,RT @ChrisJHerndon: We cut the ribbon for the @RideRTD A Line at @DenversStation. Now @DENAirport bound! https://t.co/sIdlzbmUTR
723523192103546880,2016-04-22 14:45:46,RT @MetroDenverEDC: .@RideRTD train to @DENAirport : 1st ride on #TrainToThePlaine like 'floating on air' (Slideshow) https://t.co/RZaY8nIR…
723508875102556160,2016-04-22 13:48:52,Former Denver Mayor and US Transportation Secretary Federico Peña attends grand opening of #TrainToThePlane https://t.co/HmYgrg15h8
723499410592804864,2016-04-22 13:11:16,#RTD GM Dave Genova talks with @9News about grand opening of #TrainToThePlane. Free rides later today. https://t.co/v2evrcMdlo
723496596759965696,2016-04-22 13:00:05,Catching a flight on 4/22? Please use SkyRide to get to DIA on time. We expect large crowds for the CU A Line opening events today.
723494068383162373,2016-04-22 12:50:02,At the Peoria Station. Platforms for commuter trains provide level boarding. https://t.co/ot3nats2mo
723489491499937792,2016-04-22 12:31:51,#traintotheplane with media on board heads back to Union Station https://t.co/2ltYIV0Cwe
723485411704606720,2016-04-22 12:15:38,Commuter trains always run in married pairs. We're running trains with 2 married pairs-4 cars for grand opening https://t.co/uATe7HRDoN
723481978968760320,2016-04-22 12:02:00,RT @CherylPreheim: Video view from train platform @DENAirport - @RideRTD expects 25K people to see this each day. #9newsmornings https://t.…
723480946578587648,2016-04-22 11:57:53,The #traintotheplane opens to the public at noon today. https://t.co/yMTzgZ1r1R
723480220615856129,2016-04-22 11:55:00,Denver Mayor Michael Hancock talking about how the opening of the University of Colorado A Line is a big deal https://t.co/QRl9rqFn7V
723478634753744896,2016-04-22 11:48:42,#Train to the plane brought the media to @DenAirport https://t.co/jZFv9x8HfJ
723475024858877952,2016-04-22 11:34:22,Waiting for the arrival of #planetothetrain at Airport Station https://t.co/oTosfrpYeH
723471153105264640,2016-04-22 11:18:59,RT @TheVagus: There goes the maiden voyage of the @RideRTD #TrainToThePlane #9newsmornings https://t.co/53mKZAfzxl
